{
	"powers": [
		"merchantpug:global/condiments/glow_salt_handler",
		"merchantpug:global/condiments/parrot_macadamias_handler",
		"merchantpug:global/disable_pouch_crafting",
        "merchantpug:global/emerald_pouch/emerald_pouch_handler",
		"merchantpug:global/runes/apply/add_emerald_rune_tools",
        "merchantpug:global/golden_shears",
        "merchantpug:global/prevent_unique_item_use",
		"merchantpug:global/repair_anvil_with_polish",
		"merchantpug:global/terracotta_bag/warm_terracotta_bag_handler",
		"merchantpug:global/terracotta_bag/cool_terracotta_bag_handler",
		"merchantpug:global/terracotta_bag/shades_terracotta_bag_handler",
		"merchantpug:global/terracotta_bag/nullify_block_reach"
	],
	"icon": "minecraft:emerald",
	"order": 0,
	"impact": 0,
	"name": "Global",
	"description": "Hey! You're not supposed to see this."
}
