{
    "type": "origins:modify_crafting",
    "recipe": "merchantpug:emerald_bundle",
    "result": {
        "item": "minecraft:knowledge_book",
        "tag": "{CustomModelData:231245,display:{Name:'{\"text\":\"Emerald Pouch\",\"color\":\"white\",\"italic\":\"false\"}'}}"
    },
    "item_action": {
        "type": "origins:and",
        "actions": [
            {
                "type": "origins:modify",
                "modifier": "merchantpug:emerald_bundle"
            },
            {
                "type": "origins:modify",
                "modifier": "ioi-pi:api/select_item_result"
            }
        ]
    },
    "name": "Money Bags",
    "description": "You are able to craft an emerald pouch which holds emeralds.",
    "badges": [
        {
            "sprite": "merchantpug:textures/gui/badge/recipe.png",
            "text":"Crafting Recipe             \n\uE05A\uF80B\uF80A\uF808\uE05D\n \n  \uF801\uE05B \uF801\ue05C \uE05B           \uF801\uE05F\n \n       \uF803\uE05E \n\n \n"
        }
    ]
}