{
    "type": "origins:action_over_time",
    "entity_action": {
        "type": "origins:area_of_effect",
        "radius": 6,
        "bientity_condition": {
            "type": "origins:and",
            "conditions": [
                {
                    "type": "origins:target_condition",
                    "condition": {
                        "type": "origins:entity_type",
                        "entity_type": "minecraft:villager"
                    }
                },
                {
                    "type": "origins:target_condition",
                    "condition": {
                        "type": "origins:nbt",
                        "nbt": "{Tags: ['merchant.villager_modified']}"
                    },
                    "inverted": true
                },
                {
                    "type": "origins:target_condition",
                    "condition": {
                        "type": "origins:nbt",
                        "nbt": "{VillagerData:{profession:\"minecraft:none\"}}"
                    },
                    "inverted": true
                }
            ]
        },
        "bientity_action": {
            "type": "origins:target_action",
            "action": {
                "type": "origins:execute_command",
                "command": "function merchantpug:villager/add_unique_trades"
            }
        }
    },
    "interval": 1,
    "condition": {
        "type": "origins:health",
        "comparison": ">",
        "compare_to": 0
    },
    "name": "Charisma",
    "description": "You gain exclusive deals from each type of villager."
}