{
    "type": "origins:multiple",
    "item_on_item": {
        "type": "origins:item_on_item",
        "using_item_condition": {
            "type": "origins:and",
            "conditions": [
                {
                    "type": "origins:ingredient",
                    "ingredient": {
                        "item": "minecraft:nether_brick"
                    }
                },
                {
                    "type": "origins:nbt",
                    "nbt": "{CustomModelData:554615}"
                }
            ]
        },
        "on_item_condition": {
            "type": "origins:and",
            "conditions": [
                {
                    "type": "origins:nbt",
                    "nbt": "{merchant:{condiment_id:1b}}",
                    "inverted": true
                },
                {
                    "type": "origins:food"
                },
                {
                    "type": "origins:and",
                    "conditions": [
                        {
                            "type": "origins:ingredient",
                            "ingredient": {
                                "item": "minecraft:nether_brick"
                            }
                        },
                        {
                            "type": "origins:or",
                            "conditions": [
                                {
                                    "type": "origins:nbt",
                                    "nbt": "{CustomModelData:231248}"
                                },
                                {
                                    "type": "origins:nbt",
                                    "nbt": "{CustomModelData:231249}"
                                },
                                {
                                    "type": "origins:nbt",
                                    "nbt": "{CustomModelData:231250}"
                                },
                                {
                                    "type": "origins:nbt",
                                    "nbt": "{CustomModelData:417651}"
                                },
                                {
                                    "type": "origins:nbt",
                                    "nbt": "{CustomModelData:554615}"
                                },
                                {
                                    "type": "origins:nbt",
                                    "nbt": "{CustomModelData:554616}"
                                }
                            ]
                        }
                    ],
                    "inverted": true
                }
            ]
        },
        "using_item_action": {
            "type": "origins:modify",
            "modifier": "ioi-pi:api/select_extra_item"
        },
        "on_item_action": {
            "type": "origins:modify",
            "modifier": "ioi-pi:api/select_item"
        },
        "entity_action": {
            "type": "origins:and",
            "actions": [
                {
                    "type": "apoli:execute_command",
                    "command": "tag @s add merchant.apply_glow_salt"
                },
                {
                    "type": "origins:execute_command",
                    "command": "function #ioi-pi:api/selected_item/get"
                },
                {
                    "type": "apoli:execute_command",
                    "command": "tag @s remove merchant.apply_glow_salt"
                }
            ]
        }
    },
    "food_always_edible": {
        "type": "origins:modify_food",
        "item_condition": {
            "type": "origins:nbt",
            "nbt": "{merchant:{condiment_id:1b}}"
        },
        "entity_action": {
            "type": "origins:execute_command",
            "command": "power grant @s merchantpug:global/condiments/glow_from_salt merchantpug:glow_salt"
        }
    }
}