{
    "type": "origins:multiple",
    "glow": {
        "type": "origins:self_glow"
    },
    "resource": {
        "type": "origins:resource",
        "min": 0,
        "max": 900,
        "hud_render": {
            "should_render": true,
            "sprite_location": "origins:textures/gui/community/huang/resource_bar_02.png",
            "bar_index": 20,
            "inverted": true
        }
    },
    "deplete_resource": {
        "type": "origins:action_over_time",
        "entity_action": {
            "type": "origins:change_resource",
            "resource": "*:*_resource",
            "change": 1
        },
        "falling_action": {
            "type": "origins:execute_command",
            "command": "power revoke @s merchantpug:global/condiments/glow_from_salt merchantpug:glow_salt"
        },
        "interval": 1,
        "condition": {
            "type": "origins:resource",
            "resource": "*:*_resource",
            "comparison": "<",
            "compare_to": 900
        }
    },
    "end_with_milk": {
        "type": "origins:action_on_item_use",
        "item_condition": {
            "type": "origins:ingredient",
            "ingredient": {
                "item": "minecraft:milk_bucket"
            }
        },
        "entity_action": {
            "type": "origins:execute_command",
            "command": "power revoke @s merchantpug:global/condiments/glow_from_salt merchantpug:glow_salt"
        }
    },
    "food_effect": {
        "type": "origins:modify_food",
        "item_condition": {
            "type": "origins:nbt",
            "nbt": "{merchant:{condiment_id:1b}}"
        },
        "entity_action": {
            "type": "origins:change_resource",
            "resource": "*:*_resource",
            "change": 0,
            "operation": "set"
        }
    }
}