{
    "type": "origins:multiple",
    "item_on_item": {
        "type": "origins:item_on_item",
        "using_item_condition": {
            "type": "origins:and",
            "conditions": [
                {
                    "type": "origins:ingredient",
                    "ingredient": {
                        "item": "minecraft:nether_brick"
                    }
                },
                {
                    "type": "origins:nbt",
                    "nbt": "{CustomModelData:554616}"
                }
            ]
        },
        "on_item_condition": {
            "type": "origins:and",
            "conditions": [
                {
                    "type": "origins:nbt",
                    "nbt": "{merchant:{condiment_id:2b}}",
                    "inverted": true
                },
                {
                    "type": "origins:food"
                },
                {
                    "type": "origins:and",
                    "conditions": [
                        {
                            "type": "origins:ingredient",
                            "ingredient": {
                                "item": "minecraft:nether_brick"
                            }
                        },
                        {
                            "type": "origins:or",
                            "conditions": [
                                {
                                    "type": "origins:nbt",
                                    "nbt": "{CustomModelData:231248}"
                                },
                                {
                                    "type": "origins:nbt",
                                    "nbt": "{CustomModelData:231249}"
                                },
                                {
                                    "type": "origins:nbt",
                                    "nbt": "{CustomModelData:231250}"
                                },
                                {
                                    "type": "origins:nbt",
                                    "nbt": "{CustomModelData:417651}"
                                },
                                {
                                    "type": "origins:nbt",
                                    "nbt": "{CustomModelData:554615}"
                                },
                                {
                                    "type": "origins:nbt",
                                    "nbt": "{CustomModelData:554616}"
                                }
                            ]
                        }
                    ],
                    "inverted": true
                }
            ]
        },
        "using_item_action": {
            "type": "origins:modify",
            "modifier": "ioi-pi:api/select_extra_item"
        },
        "on_item_action": {
            "type": "origins:modify",
            "modifier": "ioi-pi:api/select_item"
        },
        "entity_action": {
            "type": "origins:and",
            "actions": [
                {
                    "type": "apoli:execute_command",
                    "command": "tag @s add merchant.apply_parrot_macadamias"
                },
                {
                    "type": "origins:execute_command",
                    "command": "function #ioi-pi:api/selected_item/get"
                },
                {
                    "type": "apoli:execute_command",
                    "command": "tag @s remove merchant.apply_parrot_macadamias"
                }
            ]
        }
    },
    "food_effect": {
        "type": "origins:modify_food",
        "item_condition": {
            "type": "origins:nbt",
            "nbt": "{merchant:{condiment_id:2b}}"
        },
        "entity_action": {
            "type": "origins:if_else",
            "condition": {
                "type": "origins:fall_flying"
            },
            "if_action": {
                "type": "origins:and",
                "actions": [
                    {
                        "type": "origins:add_velocity",
                        "z": 0.25,
                        "space": "local_horizontal"
                    },
                    {
                        "type": "origins:execute_command",
                        "command": "playsound minecraft:entity.bat.takeoff player @a ~ ~ ~ 1.0 1.3"
                    },
                    {
                        "type": "origins:execute_command",
                        "command": "particle cloud ~ ~ ~ 0.25 0.25 0.25 0.15 4"
                    }
                ]
            },
            "else_action": {
                "type": "origins:and",
                "actions": [
                    {
                        "type": "origins:add_velocity",
                        "z": 1.0,
                        "space": "local_horizontal"
                    },
                    {
                        "type": "origins:execute_command",
                        "command": "playsound minecraft:entity.bat.takeoff player @a ~ ~ ~ 1.0 1.3"
                    },
                    {
                        "type": "origins:execute_command",
                        "command": "particle cloud ~ ~ ~ 0.25 0.25 0.25 0.15 8"
                    }
                ]
            }
        }
    }
}