{
    "pools": [
        {
            "rolls": 1.0,
            "entries": [
                {
                    "type": "item",
                    "functions": [
                        {
                            "function": "minecraft:set_nbt",
                            "tag": "{BlockEntityTag:{Patterns:[{Pattern:\"ls\",Color:6},{Pattern:\"rs\",Color:6},{Pattern:\"bo\",Color:3}]}}"
                        }
                    ],
                    "name": "minecraft:white_banner"
                },
                {
                    "type": "item",
                    "functions": [
                        {
                            "function": "minecraft:set_nbt",
                            "tag": "{BlockEntityTag:{Patterns:[{Pattern:\"ls\",Color:13},{Pattern:\"rs\",Color:14}]}}"
                        }
                    ],
                    "name": "minecraft:white_banner"
                }
            ]
        }
    ]
}