{
    "pools": [
        {
            "rolls": 1.0,
            "entries": [
                {
                    "type": "item",
                    "functions": [
                        {
                            "function": "minecraft:set_count",
                            "count": {
                                "min": 1.0,
                                "max": 2.0
                            }
                        }
                    ],
                    "name": "minecraft:feather"
                }
            ]
        }
    ]
}