{
    "pools": [
        {
            "rolls": 1.0,
            "entries": [
                {
                    "type": "item",
                    "functions": [
                        {
                            "function": "minecraft:set_count",
                            "count": {
                                "min": 1.0,
                                "max": 2.0
                            }
                        }
                    ],
                    "name": "minecraft:rotten_flesh"
                }
            ]
        },
        {
            "rolls": 1.0,
            "entries": [
                {
                  "type": "minecraft:item",
                  "name": "minecraft:carrot"
                },
                {
                  "type": "minecraft:item",
                  "functions": [
                    {
                      "function": "minecraft:furnace_smelt",
                      "conditions": [
                        {
                          "condition": "minecraft:entity_properties",
                          "predicate": {
                            "flags": {
                              "is_on_fire": true
                            }
                          },
                          "entity": "this"
                        }
                      ]
                    }
                  ],
                  "name": "minecraft:potato"
                }
            ],
            "conditions": [
                {
                    "condition": "minecraft:random_chance",
                    "chance": 0.05
                }
            ]
        }
    ]
}