{
    "pools": [
        {
            "rolls": 1,
            "entries": [
                {
                    "type": "loot_table",
                    "name": "minecraft:gameplay/fishing/fish",
                    "weight": 395
                },
                {
                    "type": "minecraft:item",
                    "name": "minecraft:nautilus_shell",
                    "weight": 4
                },
                {
                    "type": "minecraft:item",
                    "name": "minecraft:heart_of_the_sea",
                    "weight": 1
                }
            ]
        }
    ]
}