{
    "pools": [
        {
            "rolls": 1,
            "entries": [
                {
                    "type": "item",
                    "name": "minecraft:magenta_terracotta"
                },
                {
                    "type": "item",
                    "name": "minecraft:light_blue_terracotta"
                },
                {
                    "type": "item",
                    "name": "minecraft:lime_terracotta"
                },
                {
                    "type": "item",
                    "name": "minecraft:cyan_terracotta"
                },
                {
                    "type": "item",
                    "name": "minecraft:purple_terracotta"
                },
                {
                    "type": "item",
                    "name": "minecraft:blue_terracotta"
                },
                {
                    "type": "item",
                    "name": "minecraft:green_terracotta"
                }
            ]
        }
    ]
}