{
    "pools": [
        {
            "rolls": 1,
            "entries": [
                {
                    "type": "item",
                    "name": "minecraft:white_terracotta"
                },
                {
                    "type": "item",
                    "name": "minecraft:gray_terracotta"
                },
                {
                    "type": "item",
                    "name": "minecraft:light_gray_terracotta"
                },
                {
                    "type": "item",
                    "name": "minecraft:black_terracotta"
                }
            ]
        }
    ]
}