{
    "pools": [
        {
            "rolls": 1,
            "entries": [
                {
                    "type": "item",
                    "name": "minecraft:orange_terracotta"
                },
                {
                    "type": "item",
                    "name": "minecraft:yellow_terracotta"
                },
                {
                    "type": "item",
                    "name": "minecraft:pink_terracotta"
                },
                {
                    "type": "item",
                    "name": "minecraft:brown_terracotta"
                },
                {
                    "type": "item",
                    "name": "minecraft:red_terracotta"
                }
            ]
        }
    ]
}