{
    "type": "origins:multiple",
    "break_shears_upon_block_break": {
        "type": "origins:action_on_block_break",
        "entity_action": {
            "type": "origins:and",
            "actions": [
                {
                    "type": "origins:equipped_item_action",
                    "equipment_slot": "mainhand",
                    "action": {
                        "type": "origins:damage",
                        "amount": 239,
                        "ignore_unbreaking": true
                    }
                },
                {
                    "type": "origins:play_sound",
                    "sound": "minecraft:entity.item.break",
                    "pitch": 1.4,
                    "volume": 0.85
                },
                {
                    "type": "origins:play_sound",
                    "sound": "minecraft:block.glass.break",
                    "pitch": 1.3,
                    "volume": 1.0
                },
                {
                    "type": "origins:execute_command",
                    "command": "execute anchored eyes positioned ^ ^ ^0.25 run particle minecraft:item minecraft:knowledge_book{CustomModelData:15641} ~ ~ ~ 0.25 0 0.25 0 5"
                }
            ]
        },
        "block_action": {
            "type": "origins:execute_command",
            "command": "particle minecraft:dust_color_transition 1.0 1.0 0.0 1.0 1.0 0.651 0.0 ~ ~ ~ 0.25 0.25 0.25 2 20"
        },
        "only_when_harvested": false,
        "condition": {
            "type": "origins:equipped_item",
            "equipment_slot": "mainhand",
            "item_condition": {
                "type": "origins:and",
                "conditions": [
                    {
                        "type": "origins:ingredient",
                        "ingredient": {
                            "item": "minecraft:knowledge_book"
                        }
                    },
                    {
                        "type": "origins:nbt",
                        "nbt": "{CustomModelData:15641}"
                    }
                ]
            }
        }
    },
    "mainhand_use": {
        "type": "origins:action_on_entity_use",
        "hands": [
            "MAIN_HAND"
        ],
        "bientity_action": {
            "type": "origins:and",
            "actions": [
                {
                    "type": "origins:if_else_list",
                    "actions": [
                        {
                            "condition": {
                                "type": "origins:target_condition",
                                "condition": {
                                    "type": "origins:entity_type",
                                    "entity_type": "minecraft:axolotl"
                                }
                            },
                            "action": {
                                "type": "origins:and",
                                "actions": [
                                    {
                                        "type": "origins:damage",
                                        "amount": 4,
                                        "source": {
                                            "name": "generic.player"
                                        }
                                    },
                                    {
                                        "type": "origins:actor_action",
                                        "action": {
                                            "type": "origins:and",
                                            "actions": [
                                                {
                                                    "type": "origins:feed",
                                                    "food": 4,
                                                    "saturation": 0.1
                                                },
                                                {
                                                    "type": "origins:execute_command",
                                                    "command": "playsound minecraft:entity.player.burp player @a ~ ~ ~ 1.0 0.9"
                                                }
                                            ]
                                        }
                                    }
                                ]
                            }
                        },
                        {
                            "condition": {
                                "type": "origins:target_condition",
                                "condition": {
                                    "type": "origins:entity_type",
                                    "entity_type": "minecraft:bee"
                                }
                            },
                            "action": {
                                "type": "origins:target_action",
                                "action": {
                                    "type": "origins:execute_command",
                                    "command": "loot spawn ~ ~ ~ loot merchantpug:gameplay/golden_shears/bee"
                                }
                            }
                        },
                        {
                            "condition": {
                                "type": "origins:target_condition",
                                "condition": {
                                    "type": "origins:in_tag",
                                    "tag": "merchantpug:birds"
                                }
                            },
                            "action": {
                                "type": "origins:target_action",
                                "action": {
                                    "type": "origins:execute_command",
                                    "command": "loot spawn ~ ~ ~ loot merchantpug:gameplay/golden_shears/birds"
                                }
                            }
                        },
                        {
                            "condition": {
                                "type": "origins:target_condition",
                                "condition": {
                                    "type": "origins:entity_type",
                                    "entity_type": "minecraft:blaze"
                                }
                            },
                            "action": {
                                "type": "origins:target_action",
                                "action": {
                                    "type": "origins:execute_command",
                                    "command": "loot spawn ~ ~ ~ loot merchantpug:gameplay/golden_shears/blaze"
                                }
                            }
                        },
                        {
                            "condition": {
                                "type": "origins:target_condition",
                                "condition": {
                                    "type": "origins:in_tag",
                                    "tag": "merchantpug:fish"
                                }
                            },
                            "action": {
                                "type": "origins:target_action",
                                "action": {
                                    "type": "origins:execute_command",
                                    "command": "loot spawn ~ ~ ~ loot merchantpug:gameplay/golden_shears/fish"
                                }
                            }
                        },
                        {
                            "condition": {
                                "type": "origins:target_condition",
                                "condition": {
                                    "type": "origins:in_tag",
                                    "tag": "merchantpug:leather_droppers"
                                }
                            },
                            "action": {
                                "type": "origins:target_action",
                                "action": {
                                    "type": "origins:execute_command",
                                    "command": "loot spawn ~ ~ ~ loot merchantpug:gameplay/golden_shears/leather_droppers"
                                }
                            }
                        },
                        {
                            "condition": {
                                "type": "origins:target_condition",
                                "condition": {
                                    "type": "origins:entity_type",
                                    "entity_type": "minecraft:tnt"
                                }
                            },
                            "action": {
                                "type": "origins:target_action",
                                "action": {
                                    "type": "origins:and",
                                    "actions": [
                                        {
                                            "type": "origins:play_sound",
                                            "sound": "minecraft:block.lodestone.break",
                                            "pitch": 0.5
                                        },
                                        {
                                            "type": "origins:delay",
                                            "ticks": 2,
                                            "action": {
                                                "type": "origins:play_sound",
                                                "sound": "minecraft:entity.item.pickup",
                                                "pitch": 0.5
                                            }
                                        },
                                        {
                                            "type": "origins:execute_command",
                                            "command": "summon item ~ ~ ~ {Item:{\"id\":\"minecraft:tnt\",Count:1b},Tags:[\"merchant.defused\"]}"
                                        },
                                        {
                                            "type": "origins:area_of_effect",
                                            "radius": 0.2,
                                            "bientity_action": {
                                                "type": "origins:target_action",
                                                "action": {
                                                    "type": "origins:add_velocity",
                                                    "y": 0.3,
                                                    "space": "world"
                                                }
                                            },
                                            "bientity_condition": {
                                                "type": "origins:target_condition",
                                                "condition": {
                                                    "type": "origins:and",
                                                    "conditions": [
                                                        {
                                                            "type": "origins:entity_type",
                                                            "entity_type": "minecraft:item"
                                                        },
                                                        {
                                                            "type": "origins:nbt",
                                                            "nbt": "{Tags: [\"merchant.defused\"]}"
                                                        }
                                                    ]
                                                }
                                            }
                                        },
                                        {
                                            "type": "origins:execute_command",
                                            "command": "kill @s"
                                        }
                                    ]
                                }
                            }
                        },
                        {
                            "condition": {
                                "type": "origins:target_condition",
                                "condition": {
                                    "type": "origins:entity_type",
                                    "entity_type": "minecraft:silverfish"
                                }
                            },
                            "action": {
                                "type": "origins:target_action",
                                "action": {
                                    "type": "origins:execute_command",
                                    "command": "loot spawn ~ ~ ~ loot merchantpug:gameplay/golden_shears/silverfish"
                                }
                            }
                        },
                        {
                            "condition": {
                                "type": "origins:target_condition",
                                "condition": {
                                    "type": "origins:entity_type",
                                    "entity_type": "minecraft:zombie"
                                }
                            },
                            "action": {
                                "type": "origins:target_action",
                                "action": {
                                    "type": "origins:execute_command",
                                    "command": "loot spawn ~ ~ ~ loot merchantpug:gameplay/golden_shears/zombie"
                                }
                            }
                        }
                    ]
                },
                {
                    "type": "origins:target_action",
                    "action": {
                        "type": "origins:and",
                        "actions": [
                            {
                                "type": "origins:play_sound",
                                "sound": "minecraft:entity.sheep.shear"
                            },
                            {
                                "type": "origins:delay",
                                "ticks": 3,
                                "action": {
                                    "type": "origins:play_sound",
                                    "sound": "minecraft:block.honey_block.fall",
                                    "volume": 0.6
                                }
                            },
                            {
                                "type": "origins:execute_command",
                                "command": "tag @s add merchant.sheared"
                            },
                            {
                                "type": "origins:execute_command",
                                "command": "particle minecraft:dust_color_transition 1.0 1.0 0.0 1.0 1.0 0.651 0.0 ~ ~ ~ 0.25 0.25 0.25 2 20"
                            }
                        ]
                    }
                },
                {
                    "type": "origins:actor_action",
                    "action": {
                        "type": "origins:execute_command",
                        "command": "function merchantpug:golden_shears/golden_shears_durability_mainhand"
                    }
                }
            ]
        },
        "item_condition": {
            "type": "origins:and",
            "conditions": [
                {
                    "type": "origins:ingredient",
                    "ingredient": {
                        "item": "minecraft:knowledge_book"
                    }
                },
                {
                    "type": "origins:nbt",
                    "nbt": "{CustomModelData:15641}"
                }
            ]
        },
        "bientity_condition": {
            "type": "origins:target_condition",
            "condition": {
                "type": "origins:and",
                "conditions": [
                    {
                        "type": "origins:in_tag",
                        "tag": "merchantpug:golden_shearable"
                    },
                    {
                        "type": "origins:nbt",
                        "nbt": "{Tags:[\"merchant.sheared\"]}",
                        "inverted": true
                    }
                ]
            }
        }
    },
    "offhand_use": {
        "type": "origins:action_on_entity_use",
        "hands": [
            "OFF_HAND"
        ],
        "bientity_action": {
            "type": "origins:and",
            "actions": [
                {
                    "type": "origins:if_else_list",
                    "actions": [
                        {
                            "condition": {
                                "type": "origins:target_condition",
                                "condition": {
                                    "type": "origins:entity_type",
                                    "entity_type": "minecraft:axolotl"
                                }
                            },
                            "action": {
                                "type": "origins:and",
                                "actions": [
                                    {
                                        "type": "origins:damage",
                                        "amount": 4,
                                        "source": {
                                            "name": "generic.player"
                                        }
                                    },
                                    {
                                        "type": "origins:actor_action",
                                        "action": {
                                            "type": "origins:and",
                                            "actions": [
                                                {
                                                    "type": "origins:feed",
                                                    "food": 4,
                                                    "saturation": 0.1
                                                },
                                                {
                                                    "type": "origins:execute_command",
                                                    "command": "playsound minecraft:entity.player.burp player @a ~ ~ ~ 1.0 0.9"
                                                }
                                            ]
                                        }
                                    }
                                ]
                            }
                        },
                        {
                            "condition": {
                                "type": "origins:target_condition",
                                "condition": {
                                    "type": "origins:entity_type",
                                    "entity_type": "minecraft:bee"
                                }
                            },
                            "action": {
                                "type": "origins:target_action",
                                "action": {
                                    "type": "origins:execute_command",
                                    "command": "loot spawn ~ ~ ~ loot merchantpug:gameplay/golden_shears/bee"
                                }
                            }
                        },
                        {
                            "condition": {
                                "type": "origins:target_condition",
                                "condition": {
                                    "type": "origins:in_tag",
                                    "tag": "merchantpug:birds"
                                }
                            },
                            "action": {
                                "type": "origins:target_action",
                                "action": {
                                    "type": "origins:execute_command",
                                    "command": "loot spawn ~ ~ ~ loot merchantpug:gameplay/golden_shears/birds"
                                }
                            }
                        },
                        {
                            "condition": {
                                "type": "origins:target_condition",
                                "condition": {
                                    "type": "origins:entity_type",
                                    "entity_type": "minecraft:blaze"
                                }
                            },
                            "action": {
                                "type": "origins:target_action",
                                "action": {
                                    "type": "origins:execute_command",
                                    "command": "loot spawn ~ ~ ~ loot merchantpug:gameplay/golden_shears/blaze"
                                }
                            }
                        },
                        {
                            "condition": {
                                "type": "origins:target_condition",
                                "condition": {
                                    "type": "origins:in_tag",
                                    "tag": "merchantpug:fish"
                                }
                            },
                            "action": {
                                "type": "origins:target_action",
                                "action": {
                                    "type": "origins:execute_command",
                                    "command": "loot spawn ~ ~ ~ loot merchantpug:gameplay/golden_shears/fish"
                                }
                            }
                        },
                        {
                            "condition": {
                                "type": "origins:target_condition",
                                "condition": {
                                    "type": "origins:in_tag",
                                    "tag": "merchantpug:leather_droppers"
                                }
                            },
                            "action": {
                                "type": "origins:target_action",
                                "action": {
                                    "type": "origins:execute_command",
                                    "command": "loot spawn ~ ~ ~ loot merchantpug:gameplay/golden_shears/leather_droppers"
                                }
                            }
                        },
                        {
                            "condition": {
                                "type": "origins:target_condition",
                                "condition": {
                                    "type": "origins:entity_type",
                                    "entity_type": "minecraft:silverfish"
                                }
                            },
                            "action": {
                                "type": "origins:target_action",
                                "action": {
                                    "type": "origins:execute_command",
                                    "command": "loot spawn ~ ~ ~ loot merchantpug:gameplay/golden_shears/silverfish"
                                }
                            }
                        },
                        {
                            "condition": {
                                "type": "origins:target_condition",
                                "condition": {
                                    "type": "origins:entity_type",
                                    "entity_type": "minecraft:tnt"
                                }
                            },
                            "action": {
                                "type": "origins:target_action",
                                "action": {
                                    "type": "origins:and",
                                    "actions": [
                                        {
                                            "type": "origins:execute_command",
                                            "command": "execute at @s playsound minecraft:block.lodestone.break neutral @a ~ ~ ~ 0.5"
                                        },
                                        {
                                            "type": "origins:delay",
                                            "ticks": 2,
                                            "action": {
                                                "type": "origins:execute_command",
                                                "command": "execute at @s playsound minecraft:entity.item.pickup neutral @a ~ ~ ~ 0.6"
                                            }
                                        },
                                        {
                                            "type": "origins:execute_command",
                                            "command": "summon item ~ ~ ~ {Item:{\"id\":\"minecraft:tnt\",Count:1b},Tags:[\"merchant.defused\"]}"
                                        },
                                        {
                                            "type": "origins:area_of_effect",
                                            "radius": 0.2,
                                            "bientity_action": {
                                                "type": "origins:target_action",
                                                "action": {
                                                    "type": "origins:add_velocity",
                                                    "y": 0.2,
                                                    "space": "world"
                                                }
                                            },
                                            "bientity_condition": {
                                                "type": "origins:target_condition",
                                                "condition": {
                                                    "type": "origins:and",
                                                    "conditions": [
                                                        {
                                                            "type": "origins:entity_type",
                                                            "entity_type": "minecraft:item"
                                                        },
                                                        {
                                                            "type": "origins:nbt",
                                                            "nbt": "{Tags: [\"merchant.defused\"]}"
                                                        }
                                                    ]
                                                }
                                            }
                                        },
                                        {
                                            "type": "origins:execute_command",
                                            "command": "kill @s"
                                        }
                                    ]
                                }
                            }
                        },
                        {
                            "condition": {
                                "type": "origins:target_condition",
                                "condition": {
                                    "type": "origins:entity_type",
                                    "entity_type": "minecraft:zombie"
                                }
                            },
                            "action": {
                                "type": "origins:target_action",
                                "action": {
                                    "type": "origins:execute_command",
                                    "command": "loot spawn ~ ~ ~ loot merchantpug:gameplay/golden_shears/zombie"
                                }
                            }
                        }
                    ]
                },
                {
                    "type": "origins:target_action",
                    "action": {
                        "type": "origins:and",
                        "actions": [
                            {
                                "type": "origins:play_sound",
                                "sound": "minecraft:entity.sheep.shear"
                            },
                            {
                                "type": "origins:delay",
                                "ticks": 3,
                                "action": {
                                    "type": "origins:play_sound",
                                    "sound": "minecraft:block.honey_block.fall",
                                    "volume": 0.6
                                }
                            },
                            {
                                "type": "origins:execute_command",
                                "command": "tag @s add merchant.sheared"
                            },
                            {
                                "type": "origins:execute_command",
                                "command": "particle minecraft:dust_color_transition 1.0 1.0 0.0 1.0 1.0 0.651 0.0 ~ ~ ~ 0.25 0.25 0.25 2 20"
                            }
                        ]
                    }
                },
                {
                    "type": "origins:actor_action",
                    "action": {
                        "type": "origins:execute_command",
                        "command": "function merchantpug:golden_shears/golden_shears_durability_offhand"
                    }
                }
            ]
        },
        "item_condition": {
            "type": "origins:and",
            "conditions": [
                {
                    "type": "origins:ingredient",
                    "ingredient": {
                        "item": "minecraft:knowledge_book"
                    }
                },
                {
                    "type": "origins:nbt",
                    "nbt": "{CustomModelData:15641}"
                }
            ]
        },
        "bientity_condition": {
            "type": "origins:target_condition",
            "condition": {
                "type": "origins:and",
                "conditions": [
                    {
                        "type": "origins:in_tag",
                        "tag": "merchantpug:golden_shearable"
                    },
                    {
                        "type": "origins:nbt",
                        "nbt": "{Tags:[\"merchant.sheared\"]}",
                        "inverted": true
                    }
                ]
            }
        }
    }
}