{
    "type": "origins:prevent_item_use",
    "item_condition": {
        "type": "origins:and",
        "conditions": [
            {
                "type": "origins:ingredient",
                "ingredient": {
                    "item": "minecraft:knowledge_book"
                }
            },
            {
                "type": "origins:or",
                "conditions": [
                    {
                        "type": "origins:nbt",
                        "nbt": "{CustomModelData:15641}"
                    },
                    {
                        "type": "origins:nbt",
                        "nbt": "{CustomModelData:156655}"
                    },
                    {
                        "type": "origins:nbt",
                        "nbt": "{CustomModelData:231245}"
                    },
                    {
                        "type": "origins:nbt",
                        "nbt": "{CustomModelData:231246}"
                    },
                    {
                        "type": "origins:nbt",
                        "nbt": "{CustomModelData:416515}"
                    }
                ]
            }
        ]
    },
    "name": "Hi"
}