{
    "type": "origins:multiple",
    "nullify_reach": {
        "type": "origins:conditioned_attribute",
        "modifier": {
            "attribute": "reach-entity-attributes:reach",
            "name": "Nullified block reach",
            "operation": "addition",
            "value": -100.0
        },
        "condition": {
            "type": "origins:or",
            "conditions": [
                {
                    "type": "origins:equipped_item",
                    "equipment_slot": "mainhand",
                    "item_condition": {
                        "type": "origins:and",
                        "conditions": [
                            {
                                "type": "origins:ingredient",
                                "ingredient": {
                                    "item": "minecraft:nether_brick"
                                }
                            },
                            {
                                "type": "origins:or",
                                "conditions": [
                                    {   
                                        "type": "origins:nbt",
                                        "nbt": "{CustomModelData:231248}"
                                    },
                                    {   
                                        "type": "origins:nbt",
                                        "nbt": "{CustomModelData:231249}"
                                    },
                                    {   
                                        "type": "origins:nbt",
                                        "nbt": "{CustomModelData:231250}"
                                    }
                                ]
                            }
                        ]
                    }
                },
                {
                    "type": "origins:equipped_item",
                    "equipment_slot": "offhand",
                    "item_condition": {
                        "type": "origins:and",
                        "conditions": [
                            {
                                "type": "origins:ingredient",
                                "ingredient": {
                                    "item": "minecraft:nether_brick"
                                }
                            },
                            {
                                "type": "origins:or",
                                "conditions": [
                                    {   
                                        "type": "origins:nbt",
                                        "nbt": "{CustomModelData:231248}"
                                    },
                                    {   
                                        "type": "origins:nbt",
                                        "nbt": "{CustomModelData:231249}"
                                    },
                                    {   
                                        "type": "origins:nbt",
                                        "nbt": "{CustomModelData:231250}"
                                    }
                                ]
                            }
                        ]
                    }
                },
                {
                    "type": "origins:resource",
                    "resource": "*:*_resource",
                    "compare_to": 1,
                    "comparison": "=="
                }
            ]
        }
    },
    "set_resource": {
        "type": "origins:action_over_time",
        "hud_render": {
            "should_render": false
        },
        "entity_action": {
            "type": "origins:change_resource",
            "change": 1,
            "resource": "*:*_resource",
            "operation": "set"
        },
        "falling_action": {
            "type": "origins:delay",
            "ticks": 4,
            "action": {
                "type": "origins:change_resource",
                "change": 0,
                "resource": "*:*_resource",
                "operation": "set"
            }
        },
        "interval": 1,
        "condition": {
            "type": "origins:or",
            "conditions": [
                {
                    "type": "origins:equipped_item",
                    "equipment_slot": "mainhand",
                    "item_condition": {
                        "type": "origins:and",
                        "conditions": [
                            {
                                "type": "origins:ingredient",
                                "ingredient": {
                                    "item": "minecraft:nether_brick"
                                }
                            },
                            {
                                "type": "origins:or",
                                "conditions": [
                                    {   
                                        "type": "origins:nbt",
                                        "nbt": "{CustomModelData:231248}"
                                    },
                                    {   
                                        "type": "origins:nbt",
                                        "nbt": "{CustomModelData:231249}"
                                    },
                                    {   
                                        "type": "origins:nbt",
                                        "nbt": "{CustomModelData:231250}"
                                    }
                                ]
                            }
                        ]
                    }
                },
                {
                    "type": "origins:equipped_item",
                    "equipment_slot": "offhand",
                    "item_condition": {
                        "type": "origins:and",
                        "conditions": [
                            {
                                "type": "origins:ingredient",
                                "ingredient": {
                                    "item": "minecraft:nether_brick"
                                }
                            },
                            {
                                "type": "origins:or",
                                "conditions": [
                                    {   
                                        "type": "origins:nbt",
                                        "nbt": "{CustomModelData:231248}"
                                    },
                                    {   
                                        "type": "origins:nbt",
                                        "nbt": "{CustomModelData:231249}"
                                    },
                                    {   
                                        "type": "origins:nbt",
                                        "nbt": "{CustomModelData:231250}"
                                    }
                                ]
                            }
                        ]
                    }
                }
            ]
        }
    },
    "resource": {
        "type": "origins:resource",
        "min": 0,
        "max": 1,
        "hud_render": {
            "should_render": false
        }
    }
}   