{
  "pools": [
    {
      "rolls": 1,
      "entries": [
        {
          "type": "minecraft:tag",
          "weight": 2,
          "name": "pin:sweets",
          "expand": true
        },
        {
          "type": "minecraft:item",
          "weight": 5,
          "name": "minecraft:paper"
        },
        {
          "type": "minecraft:item",
          "weight": 1,
          "name": "minecraft:honeycomb"
        },
        {
          "type": "minecraft:tag",
          "weight": 2,
          "name": "pin:fruits",
          "expand": true
        }
      ]
    }
  ]
}
