{
    "type": "origins:multiple",
    "normal_block_break": {
        "type": "origins:active_self",
        "entity_action": {
            "type": "origins:raycast",
            "distance": 4.5,
            "block": true,
            "entity": false,
            "command_at_hit": "particle minecraft:happy_villager ~ ~ ~ 0.25 0 0.25 1 1 force"
        },
        "cooldown": 2,
        "key": {
            "key": "key.attack",
            "continuous": true
        },
        "condition": {
            "type": "origins:and",
            "conditions": [
                {
                    "type": "origins:gamemode",
                    "gamemode": "creative",
                    "inverted": true
                },
                {
                    "type": "origins:power_active",
                    "power": "origins:extra_reach",
                    "inverted": true
                }
            ]
        }
    },
    "creative_block_break": {
        "type": "origins:active_self",
        "entity_action": {
            "type": "origins:raycast",
            "distance": 5.0,
            "block": true,
            "entity": false,
            "command_at_hit": "particle minecraft:happy_villager ~ ~ ~ 0.25 0 0.25 1 1 force"
        },
        "cooldown": 2,
        "key": {
            "key": "key.attack",
            "continuous": true
        },
        "condition": {
            "type": "origins:and",
            "conditions": [
                {
                    "type": "origins:gamemode",
                    "gamemode": "creative"
                },
                {
                    "type": "origins:power_active",
                    "power": "origins:extra_reach",
                    "inverted": true
                }
            ]
        }
    },
    "enderian_block_break": {
        "type": "origins:active_self",
        "entity_action": {
            "type": "origins:raycast",
            "distance": 6.0,
            "block": true,
            "entity": false,
            "command_at_hit": "particle minecraft:happy_villager ~ ~ ~ 0.25 0 0.25 1 1 force"
        },
        "cooldown": 2,
        "key": {
            "key": "key.attack",
            "continuous": true
        },
        "condition": {
            "type": "origins:and",
            "conditions": [
                {
                    "type": "origins:gamemode",
                    "gamemode": "creative",
                    "inverted": true
                },
                {
                    "type": "origins:power_active",
                    "power": "origins:extra_reach"
                }
            ]
        }
    },
    "enderian_creative_block_break": {
        "type": "origins:active_self",
        "entity_action": {
            "type": "origins:raycast",
            "distance": 6.5,
            "block": true,
            "entity": false,
            "command_at_hit": "particle minecraft:happy_villager ~ ~ ~ 0.25 0 0.25 1 1 force"
        },
        "cooldown": 2,
        "key": {
            "key": "key.attack",
            "continuous": true
        },
        "condition": {
            "type": "origins:and",
            "conditions": [
                {
                    "type": "origins:gamemode",
                    "gamemode": "creative"
                },
                {
                    "type": "origins:power_active",
                    "power": "origins:extra_reach"
                }
            ]
        }
    },
    "normal_block_entity_hit": {
        "type": "origins:active_self",
        "entity_action": {
            "type": "origins:raycast",
            "distance": 4.5,
            "block": false,
            "entity": true,
            "command_at_hit": "particle minecraft:happy_villager ~ ~ ~ 0.25 0.25 0.25 1 4 force"
        },
        "cooldown": 2,
        "key": {
            "key": "key.attack",
            "continuous": false
        },
        "condition": {
            "type": "origins:and",
            "conditions": [
                {
                    "type": "origins:gamemode",
                    "gamemode": "creative",
                    "inverted": true
                },
                {
                    "type": "origins:power_active",
                    "power": "origins:extra_reach",
                    "inverted": true
                }
            ]
        }
    },
    "creative_block_entity_hit": {
        "type": "origins:active_self",
        "entity_action": {
            "type": "origins:raycast",
            "distance": 5.0,
            "block": false,
            "entity": true,
            "command_at_hit": "particle minecraft:happy_villager ~ ~ ~ 0.25 0.25 0.25 1 4 force"
        },
        "cooldown": 2,
        "key": {
            "key": "key.attack",
            "continuous": false
        },
        "condition": {
            "type": "origins:and",
            "conditions": [
                {
                    "type": "origins:gamemode",
                    "gamemode": "creative"
                },
                {
                    "type": "origins:power_active",
                    "power": "origins:extra_reach",
                    "inverted": true
                }
            ]
        }
    },
    "enderian_block_entity_hit": {
        "type": "origins:active_self",
        "entity_action": {
            "type": "origins:raycast",
            "distance": 6.0,
            "block": false,
            "entity": true,
            "command_at_hit": "particle minecraft:happy_villager ~ ~ ~ 0.25 0.25 0.25 1 4 force"
        },
        "cooldown": 2,
        "key": {
            "key": "key.attack",
            "continuous": false
        },
        "condition": {
            "type": "origins:and",
            "conditions": [
                {
                    "type": "origins:gamemode",
                    "gamemode": "creative",
                    "inverted": true
                },
                {
                    "type": "origins:power_active",
                    "power": "origins:extra_reach"
                }
            ]
        }
    },
    "enderian_creative_entity_hit": {
        "type": "origins:active_self",
        "entity_action": {
            "type": "origins:raycast",
            "distance": 6.5,
            "block": false,
            "entity": true,
            "command_at_hit": "particle minecraft:happy_villager ~ ~ ~ 0.25 0.25 0.25 1 4 force"
        },
        "cooldown": 2,
        "key": {
            "key": "key.attack",
            "continuous": false
        },
        "condition": {
            "type": "origins:and",
            "conditions": [
                {
                    "type": "origins:gamemode",
                    "gamemode": "creative"
                },
                {
                    "type": "origins:power_active",
                    "power": "origins:extra_reach"
                }
            ]
        }
    },
    "name": "Emerald Rune Particles",
    "description": "Applies an emerald particle to wherever you hit."
}